@rowCount	197
w	d	t	v	n	g	s	b
zvakansa	$x_1$ kansa $x_2$ lo ka ce'u zvati $x_3$	lujvo	zvati;kansa
zvala'i	$x_1$ lamji $x_2$ lo kamzvati	lujvo	zvati;lamji	srana fa zo {zvati} .e zo {lamji} .e zo {jibni} .e zo {canlu} .e zo {panra} .e zo {pencu}	zvala'i
zvapre	$x_1$ prenu gi'e zvati $x_2$	lujvo	zvati;prenu
zvasta	$x_1$ stali lo ka ce'u zvati $x_2$	lujvo	zvati;stali		zvasta
zvasto	$x_1$ zvati lo stodi	lujvo	zvati;stodi
zvastu	$x_1$ stuzi gi'e se zvati $x_2$	lujvo	zvati;stuzi		zvastu
zvatcu	$x_1$ nitcu lo ka ce'u zvati $x_2$ kei $x_3$	lujvo	zvati;nitcu	srana fa zo {klama} .e zo {nitcu} .e zo {klama} .e zo {bilga} .e zo {zifre} .e zo {cliva}	zvatcu
zvaxru	$x_1$ xruti lo ka ce'u zvati $x_2$ kei lo ka ce'u zvati $x_3$	lujvo	zvati;xruti	srana fa zo {xrukla} je zo {xruti}	zvaxru
zvijonse	$x_1$ pilno lo se zviki lo ka jonse $x_2$ $x_3$	lujvo	zviki;jonse
lojban zei simsa	$s_1$ simsa la lojban $s_3$	zei-lujvo		.e'u ko tcidu la'e zo {lojban} lu'u .e la'e zo {simsa}
lo ro da	smudu'i lu lo se menre be ro da li'u	cmavo-compound				KOhA*
lujrinsku	.i lo ka lujrinsku cu ka ko'a ko'e ko'i ko'o ko'u fo'a ce'ai ko'a goi $x_1$ cusku lo se du'u ko'e goi $x_2$ krinu lo nu ko'i goi $x_3$ pluja ko'o goi $x_4$ ko'u goi $x_5$ kei kei fo'a goi $x_6$	lujvo	pluja;krinu;cusku
lumse'i	$x_1$ sefsi lo ka ce'u lumci ce'u $x_2$ boi $x_3$	lujvo	lumci;sevzi	{sefsi} .i {lumci}
lutnilcla	$x_1$ nilcla $x_2$ poi ke'a pluta $x_3$ boi $x_4$ boi $x_5$ ku'o zu'i $x_6$	lujvo	pluta;ni;clani	pa da no'u zu'i ka'e se clani lo pluta
ma'arcpana	$cp_1$ cpana $cp_2$=$cm_1$ poi ke'a cmana	lujvo	cmana;cpana	.e'u ko tcidu tu'a zo {cmana} .e zo {cmana}
ma'ervi'e	$x_1$ vitke $x_2$ noi se marce $x_3$	lujvo	marce;vitke
mafpli	$p_1$=$m_3$ cu te se makfa $p_2$=$m_1$ tepi'o $p_3$	lujvo	makfa;pilno
ma'irdeidetri	$x_1$ goi ko'a detri $x_2$ boi $x_3$ .ije $x_1$ sinxa lo mo'e ko'a moi be lu'i ro djedi be li pa bei $x_3$ be'o poi pagbu lo masti be li pa bei $x_3$	lujvo	masti;djedi;detri	.i {masti} zei {djedi} zei {detri} .i srana zo {de'i'o} .e zo {detke'u} to lo terbri cu se manri lo si'o zasni jbotamgau zo {detri} jo'u zo {ciste} toi			de'i'o
ma'irdetri	$x_1$ goi ko'a detri $x_2$ boi $x_3$ .ije $x_1$ sinxa lo mo'e ko'a moi be lu'i ro masti be li pa bei $x_3$ be'o poi pagbu lo nanca be li pa bei $x_3$	lujvo	masti;detri	.i {masti} zei {detri} to lo terbri cu se manri lo si'o zasni jbotamgau zo {detri} jo'u zo {ciste} toi .i srana zo {de'i'i} .e zo {detke'u} .e zo {masnpa} .e zo {masnre} .e zo {masnci} .e zo {masnvo} .e zo {masnmu} .e zo {masnxa} .e zo {masnze} .e zo {masnbi} .e zo {masnso} .e zo {masndau} .e zo {masnfei} .e zo {masngai} .e zo {masnjau} .e zo {masnrei} .a bo {masnxei} .e zo {masnvai}			de'i'i
ma'irjefydetri	$x_1$ goi ko'a detri $x_2$ boi $x_3$ .ije $x_1$ sinxa lo mo'e ko'a moi be lu'i ro jeftu be li pa bei $x_3$ be'o poi pagbu lo masti be li pa bei $x_3$	lujvo	masti;jeftu;detri	.i {masti} zei {jeftu} zei {detri} .i srana zo {detke'u} to lo terbri cu se manri lo si'o zasni jbotamgau zo {detri} jo'u zo {ciste} toi
majgybra	$x_1$ barda lo ka ma kau ce'u majga ku $x_2$	lujvo	majga;barda	srana fa zo {majga}
malclaxu	$x_1$ mabla lo ka ce'u claxu $x_2$ .i $x_1$ nitcu je claxu $x_2$ .i lo nu $x_1$ claxu $x_2$ cu xlali	lujvo	mabla;claxu	to'e malclaxu (= {zanclaxu})	malclaxu
malfri	$x_1$ lifri $x_2$ noi mabla	lujvo	mabla;lifri	{lifri}; {mabla}; {zanfri}
malgli	lo nu $x_1$ noi jufra fi lo jbobau cu panra lo glibau selsmudu'i cu na'e drani ja mapti gi'e mabla fi $x_2$	lujvo	mabla;glico	srana fa zo {glico} .e zo {mabla}
malpre	$x_1$ mabla $x_2$ $x_3$ gi'e prenu	lujvo	mabla;prenu
malselfu'a	$x_1$ se funca $x_2$ noi mabla	lujvo	mabla;se;funca	{mabla}; {funca}
malsmu	$x_1$ noi mabla cu smuni $x_2$ boi $x_3$	lujvo	mabla;smuni		malsmu
malterkesri	$x_1$ te kesri $x_2$ $x_3$ noi mabla	lujvo	mabla;te;kesri
malvi'e	$x_1$ vitke $x_2$ boi $x_3$ gi'e mabla le ka ce'u no'a kei $x_2$	lujvo	mabla;vitke	{mabla} {vitke}; {fi'inai}; {zanvi'e}
malvla	$x_1$ valsi $x_2$ noi malsmu ku'o $x_3$	lujvo	mabla;valsi	ko catlu zo {zanvla} ji'a	malvla
mampa'u	$x_1$ patfu lo mamta be $x_2$	lujvo	mamta;patfu
mamymamta	$x_1$ mamta lo mamta be $x_2$	lujvo	mamta;mamta
manbu'e	$x_1$ manku je bunre	lujvo	manku;bunre	{manku}; {bunre}
manfybli	$b_1$=$m_1$ manfo lo ka ce'u se tarmi ku gi'e bliku $b_2$ $b_3$.	lujvo	manfo;bliku
markai	$x_1$ ckaji $x_2$ ma'i $x_3$ .i va'i $x_3$ manri lo du'u $x_1$ ckaji $x_2$	lujvo	manri;ckaji
matlydakli	$d_1$=$m_1$ dakli $d_2$ loi matli	lujvo	matli;dakli
matryselre'e	$x_1$ poi se matra $x_2$ ku'o se trene $x_3$ $x_4$ vo'a	lujvo	matra;se;trene
mavystasu	$x1$ stasu lo mavji be $x2$	lujvo	mavji;stasu
meckanpe	da de poi ca ke'a da $x_2$ ckaji zo'u $x_1$ kanpe lo du'u lo ckaji be $x_2$ bei ca de cu dubme'a da $x_3$ kei $x_4$	lujvo	mleca;kanpe	srana fa zo {zmakanpe}
mecyjavdu'i	$x_1$ mleca $x_2$ boi $x_3$ boi $x_4$ .ija $x_1$ dunli $x_2$ boi $x_3$	lujvo	mleca;ja;dunli	{mleca} {ja} {dunli}; {su'e}	mecyjavdu'i
meizma	$x_1$ zmadu $x_2$ lo ka ce'u ce'u memkai	lujvo	mei;zmadu	smudu'i zo {sormau} gi'e srana zo {mei} .e zo {memkai} .e zo {zmadu} .e zo {dubmau}
mekfancu	$x_1$ fancu $x_2$ boi $x_3$ boi $x_4$ noi mekso	lujvo	mekso;fancu	{mekso} {fancu}; {va'a}, {fa'i}, {cu'a}, {ne'o}, {re'a}; {su'i}, {pi'i}, {vu'u}, {fe'i}; {te'a}, {fe'a}, {de'o}; {ju'u}, {pa'i}; {pi'a}, {sa'i}; {gei}; {si'i}, {ri'o}, {sa'o}; {fu'u}, {ge'a}.	mekfancu
mekna'u	$x_1$ namcu gi'e srana $x_2$ noi mekso $x_3$ .i $x_2$ noi mekso $x_3$ cu sinxa $x_1$ noi namcu .i $x_1$ nu'a ju'u $x_2$ boi $x_3$	lujvo	mekso;namcu	{mekso} {namcu}; {ju'u}	mekna'u
meksu'i	$x_1$ noi mekso $x_4$ cu sumti $x_2$ boi $x_3$	lujvo	mekso;sumti	{mekso} {sumti}	meksu'i
memjdika	$x_1$ jdika lo ka ce'u xo kau mei kei $x_2$	lujvo	mei;jdika		memjdika
memkai	$x_1$ me $x_2$ mei $x_3$	lujvo	mei;ckaji
memymau	$x_1$ zmadu $x_2$ lo ka ce'u xo kau mei	lujvo	mei;zmadu		memymau
memyme'a	$x_1$ mleca $x_2$ lo ka ce'u xo kau mei	lujvo	mei;mleca		memyme'a
memyze'a	$x_1$ zenba lo ka ce'u xo kau mei kei $x_2$	lujvo	mei;zenba	.e'u catlu zo {memjdika} ji'a	memyze'a
menbi'a	$x_1$ bilma fi $x_2$ noi srana lo menli ku'o fe $x_3$	lujvo	menli;bilma	{menli} {bilma} {ka'enri'u}	menbi'a
menri'u	$x_1$ rinju $x_2$ noi srana lo menli farvi ku'o $x_3$ noi srana lo menli	lujvo	menli;rinju	{menli} {rinju} {ka'enri'u}	menri'u
menryjinvi	$x_1$ jinvi lo du'u $x_2$ menre $x_3$	lujvo	menre;jinvi	srana fa zo {menre} .e zo {jinvi} .e zo {kancu}	menryjinvi
menseika'e	$x_1$ kakne lo nu $x_2$ menli sepli $x_3$ zi'o kei $x_4$	lujvo	menli;sepli;kakne
mensku	$x1$ cusku $x2$ $x1$ lo menli be $x1$	lujvo	menli;cusku
meryru'ubu'i	$x_1$ me me'o meryru'u bu	lujvo	merko;rupnu;bu	.i lo sinxa cu selcme zoi gy. dollar .gy
metnidytcika	$x_1$ goi ko'a tcika $x_2$ boi $x_3$ .ije $x_1$ sinxa lo mo'e ko'a moi be lu'i ro snidu be li pa bei $x_3$ be'o poi pagbu lo mentu be li pa bei $x_3$	lujvo	mentu;snidu;tcika	.i {mentu} zei {snidu} zei {tcika} .i srana zo {ti'u'i} to lo terbri cu se manri lo si'o zasni jbotamgau zo {tcika} jo'u zo {ciste} toi			ti'u'i
mi'arckasu	$cm_1$=$ck_1$ ckasu $ck_2$ $ck_3$ lo nu cisma	lujvo	cmila;ckasu	.e'u ko tcidu tu'a zo {cmila} .e zo {ckasu}
mibykla	$x_1$ klama mi $x_2$ $x_3$ $x_4$	lujvo	mi;klama
mibzda	$x_1$ zdani lo cusku	lujvo	mi;zdani		mibzda
micyxu'i	$x_1$ xukmi $x_2$ gi'e ve mikce fi $x_3$	lujvo	mikce;xukmi	{mikce} {xukmi}	micyxu'i
mi'ercpesku	$x_1$ cusku $x_2$ $x_3$ $x_4$ gi'e cpedu la'e vo'e vo'i lonu vo'a minde vo'i la'e vo'e	lujvo	minde;cpedu;cusku
makcubi zei xotli	$x_1$ xotli gi'e na'o jai se friti fi lo makcubi fai lo ka xabju	zei-lujvo		srana fa zo {xotli} .e zo {makcubi} .e zo {citno} .e zo {friti} .e zo {xabju} .e zo {zdani}	makcubi zei xotli
funtiio	$x_1$ se menre su'o pormei be li re ku .e no na pormei be li re .ije ro da poi ge menre fa ke'a $x_1$ gi'e pormoi fa $x_2$ li pa ke'a cu te pormoi li re $x_3$	fu'ivla		zoi xy. f(x) = z .xy cu sinxa lo du'u fy funtiio xy fi zy
jajrlanparti	$x_1$ jmaji $x_2$ $x_3$ tezu'e lo nu vo'a jvikei simxu sepi'o lo samyzilkei	fu'ivla
jaldiga	$x_1$=$g_1$ garna gi'e jai gau jdika fai tu'a lo nu $x_2$=$j_1$ janli $x_3$=$j_2$ lu'u gi'e pagbu $x_2$=$j_1$	fu'ivla
jbabaji	$x_1$ na ka'e jimpe lo du'u makau du lo te cfipu be fi da be'o poi ka'e mukti lo nu da reisku $x_2$	fu'ivla
jbakiui	$x_1$ jbari la'o jutsi. Actinidia .jutsi	fu'ivla		srana fa zo {jbari} .e zo {grute} .e zo {tricu} .e zo {spati}	jbakiui
jbarubu	$x_1$ jbari gi'e se cupra su'o sparubu	fu'ivla		smudu'i zo {jbarnrubusi} gi'e se srana zo {jbari} .e zo {sparubu}
jbepibnafei	.i lo ka ce'u goi $x_1$ jbepibnafei ce'u goi $x_2$ cu ka ce'u goi $x_1$ du'u ce'u xi re goi $x_2$ nakni je'ikau fetsi lo ka ce'u remna kei lo ka makau plibu ce'u goi ko'a ca lo nu ko'a jbena	fu'ivla		.i .o'i zi'o se nandu lo ka tavla fi zo'e pe lo smuni be lo poi zi'evla ku'o se skicu valsi .i lo nu se preti lu ma jbepibnafei do cu te drani lo nu vo'a se danfu lo simsa be lo cmima be lu lo du'u mi nakni li'u ce lu lo dumnakni li'u ce lu lo dumfe'i li'u ce zo'e .i .e'usai do catlu zo'e pe zo {jbena} .e zo {nakni} .e zo {fetsi} .e zo {je'i} .e zo {kau} .e zo {cinse}
jbofuvi	$x_1$ fu'ivla $x_2$ lo jbobau $x_3$ lo jbobau	fu'ivla		zo jbofuvi jbofuvi fi zo jbojbofu'ivla
jborefota	$x_1$ jbopli je cu re mei je cu poi'i cafne fa lo nu ke'a simxu lo ka se pi'o lo fonxa ce'u tavla ce'u fo lo jbobau	fu'ivla		.i jbofuvi fi lo'u jbobo re mei fonxa tavla le'u
jbo'u'i	$x_1$ zdile $x_2$ ki'u le nu $x_1$ lojbo $x_3$	fu'ivla
jbovaseji	$x_1$ jbovlaste jmina $x_2$ boi $x_3$	fu'ivla		.i so'i roi casnu lo nu jmina lo valsi la jbovlaste .i ja'e bo si'au xamgu fa lo nu jbovaseji zo jbovaseji .i ta'e ku X xi 3 mintu la jbovlaste
jdibizu	$x_1$ zukte $x_2$ fi $x_3$ xoi $x_1$ fau ke'a jarco lo ka mo'u jdice ke'a gi'e birti lo du'u ke'a traji lo ka lakne fa lo nu ce'u se jalge $x_3$	fu'ivla		zo {zukte} zo {jarco} zo {jdice} zo {birti}
jedlno	$x_1$ se detri li no noi sinxa lo no moi be lu'i ro da poi djedi li pa gi'e pagbu $x_2$ noi jeftu li pa lu'u ku'o $x_3$	fu'ivla		.i va'o lo nu la gregoris cu manri kei zo jedlno ka'e basti zo {jednze} to lo terbri cu se manri lo si'o zasni jbotamgau zo {detri} jo'u zo {ciste} toi .i srana zo {detri} .e zo {detke'u} .e zo {jeftu} .e zo {jednpa} mu'anai
jednbi	$x_1$ se detri li bi noi sinxa lo bi moi be lu'i ro da poi djedi li pa gi'e pagbu $x_2$ noi jeftu li pa lu'u ku'o $x_3$	fu'ivla		.i da ka'e smuni zo jednbi .ijanai da'i za'u ze djedi cu pagbu lo pa jeftu to lo terbri cu se manri lo si'o zasni jbotamgau zo {detri} jo'u zo {ciste} toi .i srana zo {detri} .e zo {detke'u} .e zo {jeftu} .e zo {jednpa} mu'anai
jednci	$x_1$ se detri li ci noi sinxa lo ci moi be lu'i ro da poi djedi li pa gi'e pagbu $x_2$ noi jeftu li pa lu'u ku'o $x_3$	fu'ivla		.i lu lo jednci li'u cu dunli lu lo se {jefydeidetri} be li {ci} li'u lo ka smuni to lo terbri cu se manri lo si'o zasni jbotamgau zo {detri} jo'u zo {ciste} toi .i srana zo {detri} .e zo {detke'u} .e zo {jeftu} .e zo {jednpa} .e zo {jednre} .e zo {jednvo} .e zo {jednmu} .e zo {jednxa} .e zo {jednze}
jedndau	$x_1$ se detri li dau noi sinxa lo dau moi be lu'i ro da poi djedi li pa gi'e pagbu $x_2$ noi jeftu li pa lu'u ku'o $x_3$	fu'ivla		.i da ka'e smuni zo jedndau .ijanai da'i za'u so djedi cu pagbu lo pa jeftu to lo terbri cu se manri lo si'o zasni jbotamgau zo {detri} jo'u zo {ciste} toi .i srana zo {detri} .e zo {detke'u} .e zo {jeftu} .e zo {jednpa} mu'anai
jednfei	$x_1$ se detri li fei noi sinxa lo fei moi be lu'i ro da poi djedi li pa gi'e pagbu $x_2$ noi jeftu li pa lu'u ku'o $x_3$	fu'ivla		.i da ka'e smuni zo jednfei .ijanai da'i za'u dau djedi cu pagbu lo pa jeftu to lo terbri cu se manri lo si'o zasni jbotamgau zo {detri} jo'u zo {ciste} toi .i srana zo {detri} .e zo {detke'u} .e zo {jeftu} .e zo {jednpa} mu'anai
jedngai	$x_1$ se detri li gai noi sinxa lo gai moi be lu'i ro da poi djedi li pa gi'e pagbu $x_2$ noi jeftu li pa lu'u ku'o $x_3$	fu'ivla		.i da ka'e smuni zo jedngai .ijanai da'i za'u fei djedi cu pagbu lo pa jeftu to lo terbri cu se manri lo si'o zasni jbotamgau zo {detri} jo'u zo {ciste} toi .i srana zo {detri} .e zo {detke'u} .e zo {jeftu} .e zo {jednpa} mu'anai
jednjau	$x_1$ se detri li jau noi sinxa lo jau moi be lu'i ro da poi djedi li pa gi'e pagbu $x_2$ noi jeftu li pa lu'u ku'o $x_3$	fu'ivla		.i da ka'e smuni zo jednjau .ijanai da'i za'u gai djedi cu pagbu lo pa jeftu to lo terbri cu se manri lo si'o zasni jbotamgau zo {detri} jo'u zo {ciste} toi .i srana zo {detri} .e zo {detke'u} .e zo {jeftu} .e zo {jednpa} mu'anai
jednmu	$x_1$ se detri li mu noi sinxa lo mu moi be lu'i ro da poi djedi li pa gi'e pagbu $x_2$ noi jeftu li pa lu'u ku'o $x_3$	fu'ivla		.i lu lo jednmu li'u cu dunli lu lo se {jefydeidetri} be li {mu} li'u lo ka smuni to lo terbri cu se manri lo si'o zasni jbotamgau zo {detri} jo'u zo {ciste} toi .i srana zo {detri} .e zo {detke'u} .e zo {jeftu} .e zo {jednpa} .e zo {jednre} .e zo {jednci} .e zo {jednvo} .e zo {jednxa} .e zo {jednze}
jednpa	$x_1$ se detri li pa noi sinxa lo pa moi be lu'i ro da poi djedi li pa gi'e pagbu $x_2$ noi jeftu li pa lu'u ku'o $x_3$	fu'ivla		.i lu lo jednpa li'u cu dunli lu lo se {jefydeidetri} be li {pa} li'u lo ka smuni to lo terbri cu se manri lo si'o zasni jbotamgau zo {detri} jo'u zo {ciste} toi .i srana zo {detri} .e zo {detke'u} .e zo {jeftu} .e zo {jednre} .e zo {jednci} .e zo {jednvo} .e zo {jednmu} .e zo {jednxa} .e zo {jednze} .e zo {jednbi} .e zo {jednso} .e zo {jedndau} .e zo {jednfei} .e zo {jedngai} .e zo {jednjau} .e zo {jednrei} .a bo {jednxei} .e zo {jednvai}
jednre	$x_1$ se detri li re noi sinxa lo re moi be lu'i ro da poi djedi li pa gi'e pagbu $x_2$ noi jeftu li pa lu'u ku'o $x_3$	fu'ivla		.i lu lo jednre li'u cu dunli lu lo se {jefydeidetri} be li {re} li'u lo ka smuni to lo terbri cu se manri lo si'o zasni jbotamgau zo {detri} jo'u zo {ciste} .i lo vo moi be lo ve farvi be fo lo fu'ivla cu .ei se tarmi zo jedlre .ije ku'i tu'a ri se rivbi mu'i lo nu frili so'i da fa lo nu vlava'u toi .i srana zo {detri} .e zo {detke'u} .e zo {jeftu} .e zo {jednpa} .e zo {jednci} .e zo {jednvo} .e zo {jednmu} .e zo {jednxa} .e zo {jednze}
jednrei	$x_1$ se detri li rei noi sinxa lo rei moi be lu'i ro da poi djedi li pa gi'e pagbu $x_2$ noi jeftu li pa lu'u ku'o $x_3$	fu'ivla		.i da ka'e smuni zo jednrei .ijanai da'i za'u jau djedi cu pagbu lo pa jeftu to lo terbri cu se manri lo si'o zasni jbotamgau zo {detri} jo'u zo {ciste} .i lo vo moi be lo ve farvi be fo lo fu'ivla cu .ei se tarmi zo jedlrei .ije ku'i tu'a ri se rivbi mu'i lo nu frili so'i da fa lo nu vlava'u toi .i srana zo {detri} .e zo {detke'u} .e zo {jeftu} .e zo {jednpa} mu'anai
jednso	$x_1$ se detri li so noi sinxa lo so moi be lu'i ro da poi djedi li pa gi'e pagbu $x_2$ noi jeftu li pa lu'u ku'o $x_3$	fu'ivla		.i da ka'e smuni zo jednso .ijanai da'i za'u bi djedi cu pagbu lo pa jeftu to lo terbri cu se manri lo si'o zasni jbotamgau zo {detri} jo'u zo {ciste} toi .i srana zo {detri} .e zo {detke'u} .e zo {jeftu} .e zo {jednpa} mu'anai
jednvai	$x_1$ se detri li vai noi sinxa lo vai moi be lu'i ro da poi djedi li pa gi'e pagbu $x_2$ noi jeftu li pa lu'u ku'o $x_3$	fu'ivla		.i da ka'e smuni zo jednvai .ijanai da'i vei za'u rei a za'u xei ve'o djedi cu pagbu lo pa jeftu to lo terbri cu se manri lo si'o zasni jbotamgau zo {detri} jo'u zo {ciste} toi .i srana zo {detri} .e zo {detke'u} .e zo {jeftu} .e zo {jednpa} mu'anai
jednvo	$x_1$ se detri li vo noi sinxa lo vo moi be lu'i ro da poi djedi li pa gi'e pagbu $x_2$ noi jeftu li pa lu'u ku'o $x_3$	fu'ivla		.i lu lo jednvo li'u cu dunli lu lo se {jefydeidetri} be li {vo} li'u lo ka smuni to lo terbri cu se manri lo si'o zasni jbotamgau zo {detri} jo'u zo {ciste} toi .i srana zo {detri} .e zo {detke'u} .e zo {jeftu} .e zo {jednpa} .e zo {jednre} .e zo {jednci} .e zo {jednmu} .e zo {jednxa} .e zo {jednze}
jednxa	$x_1$ se detri li xa noi sinxa lo xa moi be lu'i ro da poi djedi li pa gi'e pagbu $x_2$ noi jeftu li pa lu'u ku'o $x_3$	fu'ivla		.i lu lo jednxa li'u cu dunli lu lo se {jefydeidetri} be li {xa} li'u lo ka smunito lo terbri cu se manri lo si'o zasni jbotamgau zo {detri} jo'u zo {ciste} toi .i srana zo {detri} .e zo {detke'u} .e zo {jeftu} .e zo {jednpa} .e zo {jednre} .e zo {jednci} .e zo {jednvo} .e zo {jednmu} .e zo {jednze}
jednxei	$x_1$ se detri li xei noi sinxa lo xei moi be lu'i ro da poi djedi li pa gi'e pagbu $x_2$ noi jeftu li pa lu'u ku'o $x_3$	fu'ivla		.i da ka'e smuni zo jednxei .ijanai da'i za'u jau djedi cu pagbu lo pa jeftu to lo terbri cu se manri lo si'o zasni jbotamgau zo {detri} jo'u zo {ciste} toi .i srana zo {detri} .e zo {detke'u} .e zo {jeftu} .e zo {jednpa} mu'anai
jednze	$x_1$ se detri li ze noi sinxa lo ze moi be lu'i ro da poi djedi li pa gi'e pagbu $x_2$ noi jeftu li pa lu'u ku'o $x_3$	fu'ivla		.i lu lo jednze li'u cu dunli lu lo se {jefydeidetri} be li {ze} li'u lo ka smuni .i va'o lo nu la gregoris cu manri kei zo {jedlno} ka'e basti zo jednze to lo terbri cu se manri lo si'o zasni jbotamgau zo {detri} jo'u zo {ciste} toi .i srana zo {detri} .e zo {detke'u} .e zo {jeftu} .e zo {jednpa} .e zo {jednre} .e zo {jednci} .e zo {jednvo} .e zo {jednmu} .e zo {jednze}
je'empe	$x_1$ snada lo ka ce'u te benji $x_2$ noi se cusku ja vo'ai smusku $x_3$ ku'o $x_3$ gi'e jimpe lo smuni be $x_2$	fu'ivla
je'e nai	tcita lo cmene ja ve skicu le du'u sinxa le du'u makau te cusku .e le du'u le cusku cu te benji nagi'anai jimpe	cmavo-compound		{je'e} {nai}		COI*
je'enmo	$x_1$ te bevri fi tu'a $x_2$ gi'e smujmi je se zasti $x_2$	fu'ivla		.i va'i {je'e} zei {cinmo}
julbaco	$x_1$ noi junla cu arco ja te tcidu lo tcika pe ba za $x_2$	fu'ivla
julpuco	$x_1$ noi junla cu arco ja te tcidu lo tcika pe pu za $x_2$	fu'ivla
kai'inmoi	lo du'u $x_3$ li pa dubmau kei goi dy. zo'u ge ga nai me'au dy. gi me'au $x_5$ fa lo ka kai'inmoi $x_2$ fi $x_3$ vu'u li pa fo $x_4$ fu $x_5$ kei lo ka $x_1$ me'au $x_4$ ce'u, gi ga me'au dy. gi $x_1$ fe $x_2$ me'au $x_4$	fu'ivla		panra zo {ki'inmoi} lo ka pe'a lo linsi pe ce'u na bi'ai zilzba zo lo .i lu «dei di'e di'u do'i ki'inmoi» li'u smujbi lu «dei di'e di'u do'i kai'inmoi lo ka {kancuru'o}» li'u
kleinzu	$x_1$ klesi $x_4$ $x_3$ gi'e gunma $x_2$	fu'ivla
klesrverlapi	$x_1$ .e $x_2$ selcmi .ije da cmima $x_1$ .e $x_2$ .ije de cmima $x_1$ .enai $x_2$ .ije di cmima $x_1$ na.e $x_2$	fu'ivla
klojere	ro da poi me $x_1$ zo'u lo me'au $x_2$ be da cu me $x_1$	fu'ivla		panra zo {kloje} fi lo ka na gismu
ko'orsi	$x_2$ me'au $x_1$ fe $x_3$ .ije $x_3$ go'i $x_4$ .ije $x_4$ go'i $x_5$ .ije li'o	fu'ivla		panra zo {ki'irsi} zo'e
korlma	$x_1$ danlu $x_2$ gi'e panje pe'a	fu'ivla			pevypanje
kraice	$x_1$ to'e tende lo ka traide $x_2$	fu'ivla
kricili	$x_1$ $x_2$ se'onmo gi'e nai krici	fu'ivla
krumami	$x_1$ se vrusi lo ka simsa lo rectu fi'o ganse $x_2$	fu'ivla		{vrusi}; {simsa}; {rectu}; {ganse}; {kurki}; {slari}; {titla}; {silnycpina}
ku'antora	$x_1$ namcu gi'e se zilkancu lo ckaji be $x_2$	fu'ivla		srana fa zo {namcu} .e zo {zilkancu} .e zo {ckaji} .e zo {klani} .e zo {bridi}	ku'antora
larseku	$x_1$ prosa ja pemci ja skina ja draci $x_2$ fi $x_3$ fo $x_4$ .i va'i $x_1$ larselsku $x_3$ noi se pi'o vo'a tavla $x_4$ fi $x_2$ zi'o ku'o $x_4$	fu'ivla		{prosa} {pemci} {skina} {draci} {larselsku}
lau'imsa	(to lerci nu snigau toi) $x_1$ simsa la'e di'u	fu'ivla		smujbi ja smudu'i fa zo {rusmi} .i srana fa zo {lau'u}
lekseme	$x_1$ tarmi lo leksikosle be $x_2$ ku no'u $x_3$	fu'ivla		e'u catlu zo {leksikosle} a zo {leksiko}
lerfi'ubu	$x_1$ padle'u gi'e me me'o fi'ubu .i va'i $x_1$ me zo'oi /	fu'ivla
lerkoma	$x_1$ padle'u gi'e me me'o slaka-bu .i va'i $x_1$ me zo'oi ,	fu'ivla
li'imdu	$x_1$ $x_3$ li'i me'au $x_2$ noi nundumu ja zilkai	fu'ivla
li'inta	$x_1$ fanta lo nu $x_2$ lifri $x_3$	fu'ivla		srana fa zo {lifri} .e zo {fanta} .e zo {friselfanta} .e zo {frisefa}	li'inta
ma'erlo	$x_1$ alga la'o .ly. Melobesioideae .ly .e $x_2$ .i $x_1$ crepu lo bakri lo xamsi	fu'ivla			ma'erlo
maftufa	$x_1$ genturfa'i $x_2$ $x_3$ .i je $x_2$ srana lo si'o makfa	fu'ivla		.i {makfa} {genturfa'i} .i ji'a srana zo {gerna} .e zo {stura} .e zo {facki} .e zo {zantufa} .e zo {maltufa}
makcubi	$x_1$ ca'o binxo lo ka ce'u makcu	fu'ivla		srana fa zo {makcu} .e zo {binxo} .e zo {citno}	makcubi
maltufa	$x_1$ genturfa'i $x_2$ $x_3$ .i je $x_3$ mabla lo ka ge ce'u sampu gi lo si'o pairnu'i cu mukti ce'u kei $x_4$	fu'ivla		.i {mabla} {genturfa'i} .i ji'a srana zo {sampu} .e zo {pairnu'i} .e zo {mukti} .e zo {gerna} .e zo {stura} .e zo {facki} .e zo {zantufa}
manjetu	bo'ai mo'e $x_1$ su'i re ckaji $x_2$	fu'ivla
masnbi	$x_1$ se detri li bi noi sinxa lo bi moi be lu'i ro da poi masti li pa gi'e pagbu $x_2$ noi nanca li pa lu'u ku'o $x_3$	fu'ivla		.i lu lo masnbi li'u cu dunli lu lo se {ma'irdetri} be li {bi} li'u lo ka smuni to lo terbri cu se manri lo si'o zasni jbotamgau zo {detri} jo'u zo {ciste} toi .i srana zo {detri} .e zo {detke'u} .e zo {masti} .e zo {masnpa} .e zo {masnre} .e zo {masnci} .e zo {masnvo} .e zo {masnmu} .e zo {masnxa} .e zo {masnze} .e zo {masnso} .e zo {masndau} .e zo {masnfei} .e zo {masngai} .e zo {masnjau} .e zo {masnrei} .a bo {masnxei} .e zo {masnvai}
masnci	$x_1$ se detri li ci noi sinxa lo ci moi be lu'i ro da poi masti li pa gi'e pagbu $x_2$ noi nanca li pa lu'u ku'o $x_3$	fu'ivla		.i lu lo masnci li'u cu dunli lu lo se {ma'irdetri} be li {ci} li'u lo ka smuni to lo terbri cu se manri lo si'o zasni jbotamgau zo {detri} jo'u zo {ciste} toi .i srana zo {detri} .e zo {detke'u} .e zo {masti} .e zo {masnpa} .e zo {masnre} .e zo {masnvo} .e zo {masnmu} .e zo {masnxa} .e zo {masnze} .e zo {masnbi} .e zo {masnso} .e zo {masndau} .e zo {masnfei} .e zo {masngai} .e zo {masnjau} .e zo {masnrei} .a bo {masnxei} .e zo {masnvai}
masndau	$x_1$ se detri li dau noi sinxa lo dau moi be lu'i ro da poi masti li pa gi'e pagbu $x_2$ noi nanca li pa lu'u ku'o $x_3$	fu'ivla		.i lu lo masndau li'u cu dunli lu lo se {ma'irdetri} be li {dau} li'u lo ka smuni to lo terbri cu se manri lo si'o zasni jbotamgau zo {detri} jo'u zo {ciste} toi .i srana zo {detri} .e zo {detke'u} .e zo {masti} .e zo {masnpa} .e zo {masnre} .e zo {masnci} .e zo {masnvo} .e zo {masnmu} .e zo {masnxa} .e zo {masnze} .e zo {masnbi} .e zo {masnso} .e zo {masnfei} .e zo {masngai} .e zo {masnjau} .e zo {masnrei} .a bo {masnxei} .e zo {masnvai}
masnfei	$x_1$ se detri li fei noi sinxa lo fei moi be lu'i ro da poi masti li pa gi'e pagbu $x_2$ noi nanca li pa lu'u ku'o $x_3$	fu'ivla		.i lu lo masnfei li'u cu dunli lu lo se {ma'irdetri} be li {fei} li'u lo ka smuni to lo terbri cu se manri lo si'o zasni jbotamgau zo {detri} jo'u zo {ciste} toi .i srana zo {detri} .e zo {detke'u} .e zo {masti} .e zo {masnpa} .e zo {masnre} .e zo {masnci} .e zo {masnvo} .e zo {masnmu} .e zo {masnxa} .e zo {masnze} .e zo {masnbi} .e zo {masnso} .e zo {masndau} .e zo {masngai} .e zo {masnjau} .e zo {masnrei} .a bo {masnxei} .e zo {masnvai}
masngai	$x_1$ se detri li gai noi sinxa lo gai moi be lu'i ro da poi masti li pa gi'e pagbu $x_2$ noi nanca li pa lu'u ku'o $x_3$	fu'ivla		.i lu lo masngai li'u cu dunli lu lo se {ma'irdetri} be li {gai} li'u lo ka smuni to lo terbri cu se manri lo si'o zasni jbotamgau zo {detri} jo'u zo {ciste} toi .i srana zo {detri} .e zo {detke'u} .e zo {masti} .e zo {masnpa} .e zo {masnre} .e zo {masnci} .e zo {masnvo} .e zo {masnmu} .e zo {masnxa} .e zo {masnze} .e zo {masnbi} .e zo {masnso} .e zo {masndau} .e zo {masnfei} .e zo {masnjau} .e zo {masnrei} .a bo {masnxei} .e zo {masnvai}
masnjau	$x_1$ se detri li jau noi sinxa lo jau moi be lu'i ro da poi masti li pa gi'e pagbu $x_2$ noi nanca li pa lu'u ku'o $x_3$	fu'ivla		.i lu lo masnjau li'u cu dunli lu lo se {ma'irdetri} be li {jau} li'u lo ka smuni to lo terbri cu se manri lo si'o zasni jbotamgau zo {detri} jo'u zo {ciste} toi .i srana zo {detri} .e zo {detke'u} .e zo {masti} .e zo {masnpa} .e zo {masnre} .e zo {masnci} .e zo {masnvo} .e zo {masnmu} .e zo {masnxa} .e zo {masnze} .e zo {masnbi} .e zo {masnso} .e zo {masndau} .e zo {masnfei} .e zo {masngai} .e zo {masnrei} .a bo {masnxei} .e zo {masnvai}
masnmu	$x_1$ se detri li mu noi sinxa lo mu moi be lu'i ro da poi masti li pa gi'e pagbu $x_2$ noi nanca li pa lu'u ku'o $x_3$	fu'ivla		.i lu lo masnmu li'u cu dunli lu lo se {ma'irdetri} be li {mu} li'u lo ka smuni to lo terbri cu se manri lo si'o zasni jbotamgau zo {detri} jo'u zo {ciste} toi .i srana zo {detri} .e zo {detke'u} .e zo {masti} .e zo {masnpa} .e zo {masnre} .e zo {masnci} .e zo {masnvo} .e zo {masnxa} .e zo {masnze} .e zo {masnbi} .e zo {masnso} .e zo {masndau} .e zo {masnfei} .e zo {masngai} .e zo {masnjau} .e zo {masnrei} .a bo {masnxei} .e zo {masnvai}
masnpa	$x_1$ se detri li pa noi sinxa lo pa moi be lu'i ro da poi masti li pa gi'e pagbu $x_2$ noi nanca li pa lu'u ku'o $x_3$	fu'ivla		.i lu lo masnpa li'u cu dunli lu lo se {ma'irdetri} be li {pa} li'u lo ka smuni to lo terbri cu se manri lo si'o zasni jbotamgau zo {detri} jo'u zo {ciste} toi .i srana zo {detri} .e zo {detke'u} .e zo {masti} .e zo {masnre} .e zo {masnci} .e zo {masnvo} .e zo {masnmu} .e zo {masnxa} .e zo {masnze} .e zo {masnbi} .e zo {masnso} .e zo {masndau} .e zo {masnfei} .e zo {masngai} .e zo {masnjau} .e zo {masnrei} .a bo {masnxei} .e zo {masnvai}
masnre	$x_1$ se detri li re noi sinxa lo re moi be lu'i ro da poi masti li pa gi'e pagbu $x_2$ noi nanca li pa lu'u ku'o $x_3$	fu'ivla		.i lu lo masnre li'u cu dunli lu lo se {ma'irdetri} be li {re} li'u lo ka smuni to lo terbri cu se manri lo si'o zasni jbotamgau zo {detri} jo'u zo {ciste} .i lo vo moi be lo ve farvi be fo lo fu'ivla cu .ei se tarmi zo maslre .ije ku'i tu'a ri se rivbi mu'i lo nu frili so'i da fa lo nu vlava'u toi .i srana zo {detri} .e zo {detke'u} .e zo {masti} .e zo {masnpa} .e zo {masnci} .e zo {masnvo} .e zo {masnmu} .e zo {masnxa} .e zo {masnze} .e zo {masnbi} .e zo {masnso} .e zo {masndau} .e zo {masnfei} .e zo {masngai} .e zo {masnjau} .e zo {masnrei} .a bo {masnxei} .e zo {masnvai}
masnrei	$x_1$ se detri li rei noi sinxa lo rei moi be lu'i ro da poi masti li pa gi'e pagbu $x_2$ noi nanca li pa lu'u ku'o $x_3$	fu'ivla		.i dunli zo {masnxei} lo ka smuni .i lu lo masnrei li'u cu dunli lu lo se {ma'irdetri} be li {rei} li'u lo ka smuni to lo terbri cu se manri lo si'o zasni jbotamgau zo {detri} jo'u zo {ciste} .i lo vo moi be lo ve farvi be fo lo fu'ivla cu .ei se tarmi zo maslrei .ije ku'i tu'a ri se rivbi mu'i lo nu frili so'i da fa lo nu vlava'u toi .i srana zo {detri} .e zo {detke'u} .e zo {masti} .e zo {masnpa} .e zo {masnre} .e zo {masnci} .e zo {masnvo} .e zo {masnmu} .e zo {masnxa} .e zo {masnze} .e zo {masnbi} .e zo {masnso} .e zo {masndau} .e zo {masnfei} .e zo {masngai} .e zo {masnjau} .e zo {masnvai}
masnso	$x_1$ se detri li so noi sinxa lo so moi be lu'i ro da poi masti li pa gi'e pagbu $x_2$ noi nanca li pa lu'u ku'o $x_3$	fu'ivla		.i lu lo masnso li'u cu dunli lu lo se {ma'irdetri} be li {so} li'u lo ka smuni to lo terbri cu se manri lo si'o zasni jbotamgau zo {detri} jo'u zo {ciste} toi .i srana zo {detri} .e zo {detke'u} .e zo {masti} .e zo {masnpa} .e zo {masnre} .e zo {masnci} .e zo {masnvo} .e zo {masnmu} .e zo {masnxa} .e zo {masnze} .e zo {masnbi} .e zo {masndau} .e zo {masnfei} .e zo {masngai} .e zo {masnjau} .e zo {masnrei} .a bo {masnxei} .e zo {masnvai}
masnvai	$x_1$ se detri li vai noi sinxa lo vai moi be lu'i ro da poi masti li pa gi'e pagbu $x_2$ noi nanca li pa lu'u ku'o $x_3$	fu'ivla		.i lu lo masnvai li'u cu dunli lu lo se {ma'irdetri} be li {vai} li'u lo ka smuni to lo terbri cu se manri lo si'o zasni jbotamgau zo {detri} jo'u zo {ciste} toi .i srana zo {detri} .e zo {detke'u} .e zo {masti} .e zo {masnpa} .e zo {masnre} .e zo {masnci} .e zo {masnvo} .e zo {masnmu} .e zo {masnxa} .e zo {masnze} .e zo {masnbi} .e zo {masnso} .e zo {masndau} .e zo {masnfei} .e zo {masngai} .e zo {masnjau} .e zo {masnrei} .a bo {masnxei}
masnvo	$x_1$ se detri li vo noi sinxa lo vo moi be lu'i ro da poi masti li pa gi'e pagbu $x_2$ noi nanca li pa lu'u ku'o $x_3$	fu'ivla		.i lu lo masnvo li'u cu dunli lu lo se {ma'irdetri} be li {vo} li'u lo ka smuni to lo terbri cu se manri lo si'o zasni jbotamgau zo {detri} jo'u zo {ciste} toi .i srana zo {detri} .e zo {detke'u} .e zo {masti} .e zo {masnpa} .e zo {masnre} .e zo {masnci} .e zo {masnmu} .e zo {masnxa} .e zo {masnze} .e zo {masnbi} .e zo {masnso} .e zo {masndau} .e zo {masnfei} .e zo {masngai} .e zo {masnjau} .e zo {masnrei} .a bo {masnxei} .e zo {masnvai}
masnxa	$x_1$ se detri li xa noi sinxa lo xa moi be lu'i ro da poi masti li pa gi'e pagbu $x_2$ noi nanca li pa lu'u ku'o $x_3$	fu'ivla		.i lu lo masnxa li'u cu dunli lu lo se {ma'irdetri} be li {xa} li'u lo ka smuni to lo terbri cu se manri lo si'o zasni jbotamgau zo {detri} jo'u zo {ciste} toi .i srana zo {detri} .e zo {detke'u} .e zo {masti} .e zo {masnpa} .e zo {masnre} .e zo {masnci} .e zo {masnvo} .e zo {masnmu} .e zo {masnze} .e zo {masnbi} .e zo {masnso} .e zo {masndau} .e zo {masnfei} .e zo {masngai} .e zo {masnjau} .e zo {masnrei} .a bo {masnxei} .e zo {masnvai}
masnxei	$x_1$ se detri li xei noi sinxa lo xei moi be lu'i ro da poi masti li pa gi'e pagbu $x_2$ noi nanca li pa lu'u ku'o $x_3$	fu'ivla		.i dunli zo {masnrei} lo ka smuni .i lu lo masnxei li'u cu dunli lu lo se {ma'irdetri} be li {xei} li'u lo ka smuni to lo terbri cu se manri lo si'o zasni jbotamgau zo {detri} jo'u zo {ciste} toi .i srana zo {detri} .e zo {detke'u} .e zo {masti} .e zo {masnpa} .e zo {masnre} .e zo {masnci} .e zo {masnvo} .e zo {masnmu} .e zo {masnxa} .e zo {masnze} .e zo {masnbi} .e zo {masnso} .e zo {masndau} .e zo {masnfei} .e zo {masngai} .e zo {masnjau} .e zo {masnvai}
masnze	$x_1$ se detri li ze noi sinxa lo ze moi be lu'i ro da poi masti li pa gi'e pagbu $x_2$ noi nanca li pa lu'u ku'o $x_3$	fu'ivla		.i lu lo masnze li'u cu dunli lu lo se {ma'irdetri} be li {ze} li'u lo ka smuni to lo terbri cu se manri lo si'o zasni jbotamgau zo {detri} jo'u zo {ciste} toi .i srana zo {detri} .e zo {detke'u} .e zo {masti} .e zo {masnpa} .e zo {masnre} .e zo {masnci} .e zo {masnvo} .e zo {masnmu} .e zo {masnxa} .e zo {masnbi} .e zo {masnso} .e zo {masndau} .e zo {masnfei} .e zo {masngai} .e zo {masnjau} .e zo {masnrei} .a bo {masnxei} .e zo {masnvai}
ma'ulca	lo nu $x_1$ tavla $x_3$ cu se pagbu lo nu $x_1$ tavla fi $x_2$ .i $x_1$ cusku su'o srana be $x_2$ fi $x_3$	fu'ivla		smudu'i zo {mlauca}	ma'ulca
maxrnspelta	$x_1$ maxri la'o latmo.Triticum aestivum subsp. spelta.latmo.	fu'ivla
meldri'a	$x_1$ melbi $x_2$ fi $x_3$ .i je lo nu $x_2$ zgana $x_1$ cu rinka lo nu $x_2$ cinmo lo kambadri .i $x_2$ lifri joi gi lo kamymelga'e gi lo kambadri ri'a lo nu $x_2$ zgana $x_1$	fu'ivla		srana fa zo {melbi} .e zo {badri} .e zo {cinmo} .e zo {rinka} .e zo {zgana} .e zo {ganse} .e zo {melga'e}	meldri'a
menkini	ro da poi menre $x_2$ zo'u $x_1$ se menre lo me'au $x_3$ be da .i je ro da poi menre $x_1$ zo'u $x_2$ se menre su'o se me'au $x_3$ be ga da gi su'oi ge se menre be da gi menre be $x_1$	fu'ivla		ko catlu ke ji'a zo {menre} je zo {ckini} .i ji'a ko cipcta lo smuvelski lo ka drani
za'envla	za'e $x_1$ valsi $x_2$ $x_3$ .i va'i $x_1$ za'e zei valsi	fu'ivla		.i ko zgana lu {za'e zei valsi} li'u
zancari	$x_1$ gasnu lo nu $x_2$ sampu $x_3$ kei noi ke'a zabna	fu'ivla		zo'o zei valsi .i valsi krasi fa ra'oi zan joi zoi py. 断捨離(dancari) py.
zankava	$x_1$ xoi zabna cu vanbi ja tcini gi'e mapti lo nu $x_2$ kakne lo ka zukte $x_3$	fu'ivla		{zabna} {kakne} {vanbi}	zankava
zantufa	$x_1$ genturfa'i $x_2$ $x_3$ .i je $x_3$ zabna lo ka ge ce'u sampu gi lo si'o pairnu'i cu mukti ce'u kei $x_4$	fu'ivla		.i {zabna} {genturfa'i} .i ji'a srana zo {sampu} .e zo {pairnu'i} .e zo {mukti} .e zo {gerna} .e zo {stura} .e zo {facki} e zo {maltufa}
zbusufukai	$x_1$ ckaji lo ka ce'u la bauspo fazykamni $x_2$ simsa gi'a ckini	fu'ivla		bysyfyky pacpanra la baupla fuzykamni .i sa'u zo zbusufukai cu se pilno fi lo nu xamsku lo sedu'u $x_1$ ka'esai baze'e daspo lo jbobau
ze'ilsipna	.i lo ka ce'u goi $x_1$ ze'ilsipna ce'u goi $x_2$ cu ka $x_1$ sipna ze'i $x_2$	fu'ivla		.i e'u ko catlu zo'e pe zo {sipna} .e zo {ze'i}
ze'irsaivi	$x_1$ cu jundi $x_2$ noi velsku vau xoi ke'a dukse lo ka ditcma kei lo nu $x_1$ snada lo te zukte be lo ka gasnu ke'a bei $x_1$	fu'ivla		{ze'i} {sai} {vitke}
ze'ogve	$x_1$ ragve $x_2$ fi $x_3$	fu'ivla		srana fa zo {zo'agve} .e zo {zo'igve} .e zo {zo'i} .e zo {zo'a} .e zo {ze'o} .e zo {ragve}	ze'ogve
zildika	fasnu fa su'o poi'i da de poi dubmau da gi'e sumji da $x_2$ zo'u ke'a ge se tolfa'o su'o nu de ckaji $x_1$ gi se fanmo su'o nu da ckaji $x_1$	fu'ivla		srana fa zo {zilzena} .e zo {jdika}
ziltodi	fasnu fa su'o poi'i da zo'u ke'a ge se tolfa'o gi se fanmo vau su'o nu da ckaji $x_1$	fu'ivla		srana fa zo {stodi} .e zo {zilzena} .e zo {zildika}
zilzena	fasnu fa su'o poi'i da de poi dubmau da gi'e sumji da $x_2$ zo'u ke'a ge se tolfa'o su'o nu da ckaji $x_1$ gi se fanmo su'o nu de ckaji $x_1$	fu'ivla		srana fa zo {zildika} .e zo {zenba}
zilzilo	lo si'o zilzilo cu brije'u ro da	fu'ivla		srana fa zo {sezni'i}
zmaduje	$x_1$ zmadu $x_2$ fi $x_3$ noi lo jai fa xi mo'e $x_4$ (to du li pa .a li re toi) no'a cu ca'a ckaji ke'a ma'i $x_5$	fu'ivla		lo ka zmadu na poi'i ro da ro de ro di zo'u lo du'u da de di me'au ke'a cu nibli lo du'u da .a de ca'a ckaji di .i zo zmaduje ku'i ja'a go'i	zmaduje
zmaduse	.i lo ka $x_1$ $x_2$ zmaduse cu ge ka lo stenili zi'o ce'ai ku'ai'i gi ge ka lo stekoni be ko'a bei lo stenili zi'o ce'ai ku'ai'i gi lo stekoni be ko'a bei lo stekoni be ko'e bei fo'a be'o be'o X ce'ai ge ko'a ko'e zmadu X gi lo stekoni be ko'e bei fo'a cu zmaduse X	fu'ivla		.i X1 liste .i ro da poi ke'a de lidne X1 zo'u da zmadu lo se lidne be da X2
zmo'una	$x_1$ pilno $x_2$ lo nu lifri $x_3$	fu'ivla		ra'oi -zmo- noi la .telselkik. finti cu ca'e rafsi zo zmo'una noi la cirko cu mapti finti ba lo nu TSK finti lo rafsi lo nu plixau lujvo zbasu kei lo se cuxna be fi lo'i na'e selpli rafsi
zo'agve	$x_1$ no'e ragve $x_2$ fi $x_3$ .i $x_1$ ragve na je nai to'e ragve $x_2$ fi $x_3$	fu'ivla		srana fa zo {zo'igve} .e zo {ze'ogve} .e zo {zo'i} .e zo {zo'a} .e zo {ze'o} .e zo {ragve}	zo'agve
zo'igve	$x_1$ dunli $x_3$ lo ka ma kau mlana $x_2$ gi'e se zvati ce'u	fu'ivla		srana fa zo {zo'agve} .e zo {ze'ogve} .e zo {zo'i} .e zo {zo'a} .e zo {ze'o} .e zo {ragve}	zo'igve
zva'ati	$x_1$ zvati lo nu mi do dei nau cusku	fu'ivla
zvailu	go $x_1$ jetnu gi jetnu fa $x_2$ gi'e ba bo zvailu fa $x_1$ fe $x_2$	fu'ivla		mukti fa lo nu djica lo nu da jbobau brivo la'o gy. while loop .gy .i srana fa zo .{ifle} .e zo {rapli} .e zo {krefu}
zvajuko	$x_1$ cirko lo ka ce'u djuno lo du'u $x_2$ zvati ma kau	fu'ivla		smudu'i zo {zvajuncri}	zvajuko
kucycuk	lo terjvi poi lo jivna joi lo seljvi cu slilu fi lo nu ciska lo kuctai fa'u lo cukla lo vei ci pi'i ci ve'o mei kurfa mo'u lo nu ga ci mitsi'u sinxa cu zvati lo linji gi lo kurfa cu culno	cmevla			kucycuk
ba'au	nau ba	experimental cmavo		sinxa lo du'u lo nundumu be lo bridi poi vasru zo ba'au cu balvi lo nu zo ba'au se cusku	ba'au	CUhE
bei'e	$x_1$ smudu'i lo'u be nu'i le'u .i je le se cmavo be $x_1$ cu se famyma'o zo be'o	experimental cmavo				BEIhE
ca'ai	jorne lo li'erla'i valsi .i je smuni la'e zo ca'a	experimental cmavo		.i va'o lo nu da'i zo ca'a cmavo ma'oi NA gi'e se smuni lo du'u ro da poi cumki munje zo'u lo bridi cu jetnu da kei kei lu JA ca'ai li'u .e lo'u GA ca'ai le'u galfi lo smuni be lo se kuspe be vo'a la'e lu ca'a ku lo se kuspe li'u .i srana lo'u {na}-{nai}, {ka'e}-{lau'i}, {nu'o}-{nu'oi}, {pu'i}-{pu'ei}, {ca'a}-{ca'ai}, {ja'a}-{ja'ai} le'u .e lo modal zei logji pe la kripkes .i mupli fa lu ta se vinji tu noi farlu (ku'o) .i na ja ca'ai ta mrobi'o li'u noi smudu'i lu na ku ta se vinji tu noi farlu (ku'o) .i ja ca'a ku ta mrobi'o li'u		NAI
ca'au	sinxa lo poi'i ta'e va'o lo nu no da .eksplisi sumti lo tense sumtcita cu sruma lo du'u ke'a ri sumti	experimental cmavo		va'i ta'e ku lu pu ca'au li'u dunli lu pu ku li'u .i lo ka se sinxa zo ca'au cu fancuka lo ka ce'u noi sumtcita cu lidne		KOhA7
ce'ei	galfi lo sumti xokaumei lo sumti i smudu'i lo linsi pe zo ce i va'i lu ce'ei a'y boi by boi cy boi dy boi e'y li'o li'u smudu'i lu a'y ce by ce cy ce dy ce e'y li'o li'u	experimental cmavo		famyma'o ma'oi ce'ei fa zo {kei'u}		CEhEI
cei'a	$x_1$ cedra la'e ny. noi moi-zei-naclerpoi lu'u noi nanca be li su'o ku'o fi'o detci'e $x_2$	experimental cmavo		.i lo cmavo be lu "PA4" li'u ka'e co'evla lo tolsatci cedra .i mu'a lu "lo pasobixo'e cei'a" li'u co'e lo pasobinomoi nanca bi'i lo pasobisomoi nanca .ibo lu "lo pamuso'ixo'e cei'a" li'u co'e lo pamuzenoji'imoi bi'i lo pamusosomoi		MOI
e'y	pa moi lo lerfu be lo lojbo se lerfu	experimental cmavo		dunli me'o .abu lo ka sinxa ma kau	e'y	BY
go'oi	brika'i gi'e tcita lo pa se li'erla'i valsi lo lamprurai bridi poi vasru lo bi'unai valsi	experimental cmavo		ko catlu ji'a zo {zo} .e zo {go'i}		GOhOI
ji'ai	lo'u lo jibykai be lo ka le'u .i ji'ai broda cu jibykai lo ka broda	experimental cmavo		zo {jibykai} .e zo {jibri} .e zo {ckaji}		LE
ju'ei	fi'o {jutsi}	experimental cmavo
ju'oi	sinxa lo du'u le cusku cu djuno lo du'u le bridi cu jetnu kei a le danfu be le preti poi ga cy spuda ke'a gi gau cy zo kau tcita ke'a	experimental cmavo
ka'ai	fi'o {kansa}	experimental cmavo		.i {kansa}		BAI
ko'oi	tcita lo se cusku le du'u la'e vo'e te minde ja se cpedu ja se curmi ja se pacna ja se stidi ja se djica ja se bilga	experimental cmavo		{ko}; {au}, {a'o}, {e'o}, {e'u}, {e'a}, {ei}; {minde}, {cpedu}, {curmi}, {pacna}, {stidi}, {djica}, {bilga}		UI6
la'ai	jbocme fi'o nafte'i lo karsnarfa'o .i lo za'u pa cmene cu se jdijimte lo depybu'i	experimental cmavo		.i ji'a pilno ka'e fi lo sitsku be lo zunsnafamme'e	jbome'e;lojbo cmene	LOhU
lai'e	sumgadri le se li'erla'i sumti le du'u sinxa le se cmene be ri	experimental cmavo		.i lu lai'e ko'a li'u dunli lu zo'e noi se cmene ko'a li'u lo ka smuni .i .e'u viska la'e di'e ji'a .i zo {la'e} zo {la} zo {la'o} zo {la'ai} zo {la'au} zo {lu'u} zo {cmene}		LAhE
lai'u	lo'u lo se skicu be fo zo le'u	experimental cmavo		mu'a ganai do skicu ko'a fo la'e zoi gy. pedantic gy. gi ko'a na se cmene zo .pedantik. do .i lu'e lo ve skicu cu frica lo cmene .i ko'a na me la .pedantik. gi'e me lai'u .pedantik.		LA
lau'e	la'e di'e lu'u	experimental cmavo				KOhA2
lau'i	jorne lo li'erla'i valsi .i je smuni la'e zo ka'e	experimental cmavo		.i {la'a} {cu'i} .i va'o lo nu da'i zo ka'e cmavo ma'oi NA gi'e se smuni lo du'u su'o da poi cumki munje zo'u lo bridi cu jetnu da kei kei lu JA lau'i li'u .e lo'u GA lau'i le'u galfi lo smuni be lo se kuspe be vo'a la'e lu ka'e ku lo se kuspe li'u .i srana lo'u {na}-{nai}, {ka'e}-{lau'i}, {nu'o}-{nu'oi}, {pu'i}-{pu'ei}, {ca'a}-{ca'ai}, {ja'a}-{ja'ai} le'u .e lo modal zei logji pe la kripkes .i mupli fa lu ta se vinji tu noi farlu (ku'o) .i na ja lau'i ta mrobi'o li'u noi smudu'i lu na ku ta se vinji tu noi farlu (ku'o) .i ja ka'e ku ta mrobi'o li'u		NAI
lau'u	la'e di'u lu'u	experimental cmavo		.i mupli fa lu sicpi ce'o tanbargu .i lau'u noi pluka mi cu mukti lo nu sanga la tanbargu li'u .i srana zo {la'e} .e zo {di'u} .e zo {lu'u}		KOhA
le'au	tcita lo se cusku lo du'u va'o ri zo «le» se smuni lo se lidne poi .emna	experimental cmavo		smudunsi'u fa lu «le'au {ri'oirkai}» li'u jo'u lu «le'au ce'u ce'u ri'oirkai» li'u jo'u lu «sei ca'e mu'a lu «le broda» li'u lu «lo se .{emna} be lo ka ri'oirkai bei lo ka broda» li'u smudu'i» li'u		SEI
li'au	famyma'o ma'oi LUhEI	experimental cmavo		.i srana zo {lu'ei} .e so {li'u} .e zo {me'u}		LIhAU
li'i'e	sumtcita .i lu *li'i'e ko'a* li'u sinxa tu'a la'e lo'u *fi'o lisri ko'a* le'u ja lo'u *xoi ke'a se lisri ko'a* le'u	experimental cmavo		le {lisri} ka'e {fatci} ja {xanri}		BAI
lu'ei	galfi lo se li'erla'i selsku goi ko'a lo selbrisle i lo jalge stura cu se smuni lo du'u $x_1$ cusku ko'a $x_2$ $x_3$	experimental cmavo		.i zo {li'au} famyma'o .i na gendra gi'e ji'a to'e logji vau fa lo nu lo jufspi cu jorne lo jufra fu'e mu'a lo'u .i je le'u .onai lo'u .i ba bo le'u fu'o .i ku'i cafne fa lo nu lo na'e lojbo cu se pagbu lo go'i .i ma'oi {lu'ei} noi se stura lo selbrisle cu sidju fi lo nu ge logji gi fanva la'e di'u .i ji'a plixau fi lo nu ciska lu'e lo se draci .i mupli fa lu lu'ei ki'u lo nu la'e di'u na se tarti mi'a noi cinfo ku'o lo tamsmi sei spuda li'au .i ba bo la cinfo fau lo nu banli plipe cu cecla vofli pagre lo vacri gi'e snura zvabi'o lo ragve li'u to'i sitna joi galfi lo pagbu be la'au lo se manci te makfa pe la .oz. li'u noi xe fanva fu la selpa'i toi .e lu ko'a lu'ei u'i doi .maman. ko viska .i ta dasni cizra li'au i ko'e lu'ei .oi ko na degja'o .i ko smaji li'au li'u .i srana zo {li'au} .e zo {lu} .e zo {me}		LUhEI
lu'oi	galfi lo selbri lo selbri i robu'a zo'u loka'ei lu'oi bu'a ku ka'ei bo'a me bo'ai faibu noi bu'a bo'e bo'i li'o	experimental cmavo				SE
mau'a	galfi lo pa se lidne brisni poi pa sumti po'u zo ce'u cu pagbu ke'a ku'o lo selbrisni poi sinxa lo ka ce'u du'u ma kau ckaji ke'a	experimental cmavo		lu mau'a ce'u broda li'u smudu'i lu lo du'u ma kau broda li'u		LOhOI
me'au	.i sa'u dunli zo ckaji .ibo ku'i lo gerna cu dunli lo me zo me moi .i sa'e ka ce'u ckaji ce'u cu ka ce'u me'au ce'u .i pluja zmadu fa lo srana be za'u lo sumti	experimental cmavo			ckaji	ME
me do moi	$x_1$ cmima $x_2$ gi'e ckini do $x_3$	cmavo-compound		{me} {do} {moi}	medomoi
mei'e	galfi lo sumti porsi goi py. lo selbrisle .i $x_1$ menre lo cmima be py.	experimental cmavo		srana fa zo {me} .e zo {menre} .e zo {cmima} .e zo {sumpoi} .i se famyma'o zo {mei'o}	mei'e	MEIhE
mei'o	famyma'o ma'oi mei'e	experimental cmavo				MEIhO
mei'u	galfi lo se lamli'e sumti lo selbri .i $x_1$ me lo bi'u nai sumti moi $x_2$ fi $x_3$	experimental cmavo		srana fa zo {me} .e zo {ckini} .e zo {srana} .e zo {ponse} .e zo {jinzi} .e zo {zasni} .e zo {mapti}	mei'u	ME
mi'ai	lo su'o re mei je se cmima be mi ku goi ko'a ge'u jo'u lo drata be ko'a	experimental cmavo			mi'ai	KOhA3
zei'a	zo zei'a sumtcita gi'e cmavo ma'oi ta'e .i ca'e lo du'u «zei'a ko'a broda» cu du'u «zi'o zenba lo ni broda kei ko'a» kei gi'e va'i du'u «lo ni broda cu zilzena ko'a»	experimental cmavo		srana fa zo {zenba} joi zo {dei'a} joi zo {zilzena}		TAhE
ze'oi	galfi le pa se li'erla'i valsi goi ko'a pa selbri poi se smuni lo du'u «$x_1$ ckini la'e ko'a $x_2$»	experimental cmavo		zo ze'oi se finti fi lo nu rivbi lo nu pilno zo {zei} lo nu zbasu lo zasni tanru lo cmavo		GOhOI
zi'u	la'e lu'e	experimental cmavo				LAhE
zo'ai	sitsku cmavo .i galfi lo selbri lu'e ri	experimental cmavo				LE
zu'ai	lu ju'a nai mi jo'u do simxu lo ka ju'a ce'u broda ce'u li'u dunli fi lo ka se smuni vau fe lu mi jo'u do broda zu'ai li'u	experimental cmavo				KOhA7
xirnkuaga	$x_1$ xirma la'o jutsi.Equus quagga.jutsi.	obsolete fu'ivla		.e'u ko tcidu la'e zo {sriba'axi'a}
zu'erxiolo	.i $x_1$ zukte $x_2$ mu'i lo nu pa po'o roi jmive	obsolete fu'ivla